"","site","topography","plot","year","season","tree","canopyPosition","treatment","genus","specie","C","N","CN","CP","NP","P"
"1","Nouragues","Bottom","3","2019","Dry","32","Top","P","Eperua","falcata",50.005,1.791,27.922,591.58,21.187,0.085
"2","Nouragues","Bottom","3","2019","Dry","32","Down","P","Eperua","falcata",49.52,2.013,24.602,484.013,19.674,0.102
"3","Nouragues","Bottom","3","2019","Wet","32","Top","P","Eperua","falcata",50.638,1.825,27.754,492.429,17.743,0.103
"4","Nouragues","Bottom","3","2019","Wet","32","Down","P","Eperua","falcata",51.084,1.958,26.084,345.381,13.241,0.148
"5","Nouragues","Bottom","3","2019","Dry","33","Top","P","Dicorynia","guianensis",50.127,2.161,23.191,707.061,30.489,0.071
"6","Nouragues","Bottom","3","2019","Dry","33","Down","P","Dicorynia","guianensis",50.547,2.012,25.127,778.826,30.995,0.065
"7","Nouragues","Bottom","3","2019","Wet","33","Top","P","Dicorynia","guianensis",51.068,2.121,24.082,696.852,28.936,0.073
"8","Nouragues","Bottom","3","2019","Wet","33","Down","P","Dicorynia","guianensis",51.414,2.24,22.951,680.563,29.653,0.076
"9","Paracou","Bottom","1","2019","Dry","37","Top","N","Drypetes","variabilis",44.577,1.435,31.056,764.674,24.623,0.058
"10","Paracou","Bottom","1","2019","Dry","37","Down","N","Drypetes","variabilis",44.543,1.699,26.21,679.032,25.907,0.066
"11","Paracou","Bottom","1","2019","Wet","37","Top","N","Drypetes","variabilis",49.619,2.117,23.437,909.853,38.822,0.055
"12","Paracou","Bottom","1","2019","Wet","37","Down","N","Drypetes","variabilis",49.665,1.642,30.239,764.733,25.289,0.065
"13","Nouragues","Bottom","2","2019","Dry","37","Top","NP","Oxandra","asbeckii",45.172,1.869,24.175,755.094,31.234,0.06
"14","Nouragues","Bottom","2","2019","Dry","37","Down","NP","Oxandra","asbeckii",46.707,2.264,20.627,736.82,35.722,0.063
"15","Nouragues","Bottom","2","2019","Wet","37","Top","NP","Oxandra","asbeckii",47.481,1.93,24.606,808.022,32.838,0.059
"16","Nouragues","Bottom","2","2019","Wet","37","Down","NP","Oxandra","asbeckii",46.671,2.179,21.416,641.704,29.963,0.073
"17","Nouragues","Bottom","2","2019","Dry","38","Top","NP","Paloue","guianensis",47.137,2.598,18.146,388.791,21.426,0.121
"18","Nouragues","Bottom","2","2019","Dry","38","Down","NP","Paloue","guianensis",47.788,2.336,20.456,414.429,20.259,0.115
"19","Nouragues","Bottom","2","2019","Wet","38","Top","NP","Paloue","guianensis",48.167,2.827,17.04,301.093,17.67,0.16
"20","Nouragues","Bottom","2","2019","Wet","38","Down","NP","Paloue","guianensis",49.222,3.415,14.415,275.678,19.125,0.179
"21","Paracou","Slope","2","2019","Dry","38","Top","NP","Thyrsodium","guianense",49.175,1.34,36.705,898.478,24.478,0.055
"22","Paracou","Slope","2","2019","Dry","38","Down","NP","Thyrsodium","guianense",50.312,1.324,37.997,1122.603,29.544,0.045
"23","Paracou","Slope","2","2019","Wet","38","Top","NP","Thyrsodium","guianense",51.882,1.343,38.624,977.552,25.309,0.053
"24","Paracou","Slope","2","2019","Wet","38","Down","NP","Thyrsodium","guianense",52.309,1.28,40.852,1017.93,24.918,0.051
"25","Nouragues","Bottom","3","2019","Dry","39","Top","P","Brosimum","guianense",42.859,1.682,25.478,662.814,26.015,0.065
"26","Nouragues","Bottom","3","2019","Dry","39","Down","P","Brosimum","guianense",42.257,1.588,26.602,700.5,26.332,0.06
"27","Nouragues","Bottom","3","2019","Wet","39","Top","P","Brosimum","guianense",46.126,1.754,26.298,739.428,28.117,0.062
"28","Nouragues","Bottom","3","2019","Wet","39","Down","P","Brosimum","guianense",45.511,1.85,24.605,708.033,28.776,0.064
"29","Paracou","Bottom","2","2019","Dry","42","Top","NP","Sloanea",NA,51.98,1.201,43.264,970.715,22.437,0.054
"30","Paracou","Bottom","2","2019","Dry","42","Down","NP","Sloanea",NA,50.078,1.536,32.613,527.33,16.169,0.095
"31","Paracou","Bottom","2","2019","Wet","42","Top","NP","Sloanea",NA,51.369,1.328,38.668,792.876,20.505,0.065
"32","Paracou","Bottom","2","2019","Wet","42","Down","NP","Sloanea",NA,51.062,1.309,39.018,1037.93,26.601,0.049
"33","Paracou","Bottom","2","2019","Dry","44","Top","NP","Gustavia","hexapetala",45.87,2.154,21.295,342.537,16.086,0.134
"34","Paracou","Bottom","2","2019","Dry","44","Down","NP","Gustavia","hexapetala",44.838,2.097,21.386,691.052,32.314,0.065
"35","Paracou","Bottom","2","2019","Wet","44","Top","NP","Gustavia","hexapetala",48.106,2.188,21.983,713.803,32.471,0.067
"36","Paracou","Bottom","2","2019","Wet","44","Down","NP","Gustavia","hexapetala",47.269,2.137,22.118,770.311,34.828,0.061
"37","Paracou","Bottom","3","2019","Dry","47","Top","P","Eperua","falcata",50.549,1.42,35.591,538.368,15.127,0.094
"38","Paracou","Bottom","3","2019","Dry","47","Down","P","Eperua","falcata",51.623,1.559,33.108,595.051,17.973,0.087
"39","Paracou","Slope","3","2019","Dry","49","Top","P","Eperua","grandiflora",49.401,1.176,42.006,828.22,19.717,0.06
"40","Paracou","Slope","3","2019","Dry","49","Down","P","Eperua","grandiflora",49.58,1.135,43.674,922.749,21.128,0.054
"41","Paracou","Slope","3","2019","Wet","49","Top","P","Eperua","grandiflora",53.753,1.097,48.98,1179.144,24.074,0.046
"42","Paracou","Slope","3","2019","Wet","49","Down","P","Eperua","grandiflora",53.449,1.236,43.239,1113.146,25.744,0.048
"43","Nouragues","Bottom","1","2019","Dry","50","Top","N","Eschweilera","coriacea",49.352,1.956,25.226,984.357,39.021,0.05
"44","Nouragues","Bottom","1","2019","Dry","50","Down","N","Eschweilera","coriacea",48.37,1.964,24.628,800.335,32.496,0.06
"45","Nouragues","Bottom","1","2019","Wet","50","Top","N","Eschweilera","coriacea",49.697,2.097,23.698,922.754,38.938,0.054
"46","Nouragues","Bottom","1","2019","Wet","50","Down","N","Eschweilera","coriacea",49.192,1.909,25.765,915.785,35.544,0.054
"47","Nouragues","Top","1","2019","Dry","50","Top","N","Chrysophyllum","argenteum",49.625,1.169,42.437,1395.939,32.894,0.036
"48","Nouragues","Top","1","2019","Dry","50","Down","N","Chrysophyllum","argenteum",47.988,1.185,40.492,1100.076,27.168,0.044
"49","Nouragues","Top","1","2019","Wet","50","Top","N","Chrysophyllum","argenteum",47.029,1.117,42.105,1293.201,30.713,0.036
"50","Nouragues","Top","1","2019","Wet","50","Down","N","Chrysophyllum","argenteum",47.025,1.238,37.99,1240.633,32.656,0.038
"51","Paracou","Top","1","2019","Wet","50","Top","N","Oxandra","asbeckii",49.538,2.204,22.481,933.929,41.543,0.053
"52","Paracou","Top","1","2019","Wet","50","Down","N","Oxandra","asbeckii",48.888,2.085,23.442,895.85,38.215,0.055
"53","Paracou","Top","1","2019","Dry","50","Top","N","Oxandra","asbeckii",NA,NA,NA,0,0,0.043
"54","Paracou","Top","1","2019","Dry","50","Down","N","Oxandra","asbeckii",46.419,2.091,22.198,1141.935,51.442,0.041
"55","Nouragues","Bottom","1","2019","Dry","51","Top","N","Osteophleum","platyspermum",49.106,2.282,21.517,720.34,33.478,0.068
"56","Nouragues","Bottom","1","2019","Dry","51","Down","N","Osteophleum","platyspermum",49.047,2.55,19.231,627.821,32.646,0.078
"57","Nouragues","Bottom","1","2019","Wet","51","Top","N","Osteophleum","platyspermum",50.158,2.548,19.686,682.037,34.647,0.074
"58","Nouragues","Bottom","1","2019","Wet","51","Down","N","Osteophleum","platyspermum",49.833,2.176,22.903,736.984,32.179,0.068
"59","Nouragues","Top","1","2019","Dry","51","Top","N","Hymanea","courbaril",51.049,1.321,38.644,868.52,22.475,0.059
"60","Nouragues","Top","1","2019","Dry","51","Down","N","Hymanea","courbaril",51.309,1.427,35.965,800.77,22.266,0.064
"61","Nouragues","Top","1","2019","Wet","51","Top","N","Hymanea","courbaril",49.757,1.388,35.846,735.699,20.524,0.068
"62","Nouragues","Top","1","2019","Wet","51","Down","N","Hymanea","courbaril",49.034,1.386,35.376,659.159,18.633,0.074
"63","Paracou","Top","1","2019","Wet","51","Top","N","Eperua","grandiflora",47.872,1.158,41.347,2105.129,50.914,0.023
"64","Paracou","Top","1","2019","Wet","51","Down","N","Eperua","grandiflora",53.589,1.359,39.439,1247.661,31.635,0.043
"65","Paracou","Top","1","2019","Dry","51","Top","N","Eperua","grandiflora",53.82,1.436,37.492,1270.619,33.891,0.042
"66","Paracou","Top","1","2019","Dry","51","Down","N","Eperua","grandiflora",53.229,1.155,46.095,1195.551,25.937,0.045
"67","Nouragues","Top","1","2019","Dry","54","Top","N","Dicorynia","guianensis",51.517,2.054,25.086,799.97,31.889,0.064
"68","Nouragues","Top","1","2019","Dry","54","Down","N","Dicorynia","guianensis",51.216,2.72,18.833,704.691,37.419,0.073
"69","Nouragues","Top","1","2019","Wet","54","Top","N","Dicorynia","guianensis",50.462,2.226,22.674,734.119,32.377,0.069
"70","Nouragues","Top","1","2019","Wet","54","Down","N","Dicorynia","guianensis",49.61,2.503,19.819,684.046,34.514,0.073
"71","Paracou","Top","1","2019","Wet","54","Top","N","Lecythis","idatimon",51.553,1.954,26.381,1113.046,42.191,0.046
"72","Paracou","Top","1","2019","Wet","54","Down","N","Lecythis","idatimon",51.936,2.348,22.117,1290.175,58.333,0.04
"73","Paracou","Top","1","2019","Dry","54","Top","N","Lecythis","idatimon",51.062,2.162,23.618,981.713,41.565,0.052
"74","Paracou","Top","1","2019","Dry","54","Down","N","Lecythis","idatimon",50.367,2.275,22.139,748.873,33.826,0.067
"75","Nouragues","Bottom","3","2019","Dry","54","Top","P","Alexa","wachenheimii",50.822,2.681,18.956,306.95,16.193,0.166
"76","Nouragues","Bottom","3","2019","Dry","54","Down","P","Alexa","wachenheimii",49.537,2.423,20.443,300.822,14.715,0.165
"77","Nouragues","Bottom","3","2019","Wet","54","Top","P","Alexa","wachenheimii",51.154,2.442,20.948,444.517,21.22,0.115
"78","Nouragues","Bottom","3","2019","Wet","54","Down","P","Alexa","wachenheimii",49.595,2.12,23.398,440.718,18.835,0.113
"79","Paracou","Bottom","3","2019","Dry","55","Top","P","Dipteryx","odorata",49.059,1.439,34.091,611.758,17.945,0.08
"80","Paracou","Bottom","3","2019","Dry","55","Down","P","Dipteryx","odorata",48.393,1.326,36.5,691.53,18.946,0.07
"81","Paracou","Bottom","3","2019","Wet","55","Top","P","Dipteryx","odorata",49.168,1.355,36.286,719.729,19.835,0.068
"82","Paracou","Bottom","3","2019","Wet","55","Down","P","Dipteryx","odorata",48.986,1.428,34.315,563.596,16.424,0.087
"83","Paracou","Slope","2","2019","Dry","56","Top","NP","Vouacapoua","americana",50.118,2.79,17.964,374.231,20.833,0.134
"84","Paracou","Slope","2","2019","Dry","56","Down","NP","Vouacapoua","americana",50.052,3.354,14.923,205.551,13.774,0.244
"85","Paracou","Slope","2","2019","Wet","56","Top","NP","Vouacapoua","americana",54.182,2.696,20.099,366.217,18.221,0.148
"86","Paracou","Slope","2","2019","Wet","56","Down","NP","Vouacapoua","americana",53.962,2.289,23.576,407.948,17.303,0.132
"87","Paracou","Bottom","3","2019","Dry","56","Top","P","Eschweilera",NA,49.058,1.409,34.806,525.577,15.1,0.093
"88","Paracou","Bottom","3","2019","Dry","56","Down","P","Eschweilera",NA,48.111,1.191,40.408,508.617,12.587,0.095
"89","Paracou","Bottom","3","2019","Wet","56","Top","P","Eschweilera",NA,47.792,1.35,35.41,903.719,25.521,0.053
"90","Paracou","Bottom","3","2019","Wet","56","Down","P","Eschweilera",NA,46.964,1.334,35.204,835.418,23.731,0.056
"91","Paracou","Top","2","2019","Wet","58","Top","NP","Sterculia","pruriens",51.049,2.099,24.324,236.348,9.717,0.216
"92","Paracou","Top","2","2019","Wet","58","Down","NP","Sterculia","pruriens",50.245,2.33,21.56,221.049,10.253,0.227
"93","Paracou","Top","2","2019","Dry","58","Top","NP","Sterculia","pruriens",49.97,1.817,27.501,598.668,21.769,0.083
"94","Paracou","Top","2","2019","Dry","58","Down","NP","Sterculia","pruriens",49.351,1.751,28.178,586.991,20.831,0.084
"95","Nouragues","Slope","3","2019","Dry","58","Top","P","Eugenia","culcullata",47.96,1.007,47.612,1465.317,30.776,0.033
"96","Nouragues","Slope","3","2019","Dry","58","Down","P","Eugenia","culcullata",46.259,1.072,43.154,944.236,21.881,0.049
"97","Nouragues","Slope","3","2019","Wet","58","Top","P","Eugenia","culcullata",51.35,0.868,59.167,762.252,12.883,0.067
"98","Nouragues","Slope","3","2019","Wet","58","Down","P","Eugenia","culcullata",49.434,1.018,48.545,1169.604,24.093,0.042
"99","Nouragues","Slope","2","2019","Dry","59","Top","NP","Sterculia","speciosa",49.125,1.576,31.175,528.804,16.962,0.093
"100","Nouragues","Slope","2","2019","Dry","59","Down","NP","Sterculia","speciosa",48.547,1.789,27.142,290.713,10.711,0.167
"101","Nouragues","Slope","2","2019","Wet","59","Top","NP","Sterculia","speciosa",51.906,1.424,36.443,646.302,17.735,0.08
"102","Nouragues","Slope","2","2019","Wet","59","Down","NP","Sterculia","speciosa",49.713,1.55,32.076,700.892,21.851,0.071
"103","Nouragues","Top","2","2019","Dry","59","Top","NP","Tovomita",NA,NA,NA,NA,NA,NA,NA
"104","Paracou","Bottom","3","2019","Dry","59","Top","P","Tovomita",NA,47.806,1.168,40.924,1012.283,24.736,0.047
"105","Paracou","Bottom","3","2019","Dry","59","Down","P","Tovomita",NA,47.294,1.142,41.414,892.978,21.562,0.053
"106","Paracou","Bottom","3","2019","Wet","59","Top","P","Tovomita",NA,47.654,1.411,33.766,885.539,26.226,0.054
"107","Paracou","Bottom","3","2019","Wet","59","Down","P","Tovomita",NA,45.68,1.357,33.654,730.284,21.7,0.063
"108","Nouragues","Top","3","2019","Dry","59","Down","P","Caryocar","glabrum",52.258,1.142,45.758,1080.225,23.607,0.048
"109","Nouragues","Top","3","2019","Wet","59","Top","P","Caryocar","glabrum",51.11,1.32,38.731,811.861,20.961,0.063
"110","Nouragues","Top","3","2019","Wet","59","Down","P","Caryocar","glabrum",52.448,1.387,37.803,788.022,20.846,0.067
"111","Nouragues","Slope","2","2019","Dry","60","Top","NP","Ferdinandusa","paraensis",47.634,1.528,31.176,920.236,29.518,0.052
"112","Nouragues","Slope","2","2019","Dry","60","Down","NP","Ferdinandusa","paraensis",46.936,1.525,30.77,884.019,28.73,0.053
"113","Nouragues","Slope","2","2019","Wet","60","Top","NP","Ferdinandusa","paraensis",48.497,1.576,30.763,868.133,28.22,0.056
"114","Nouragues","Slope","2","2019","Wet","60","Down","NP","Ferdinandusa","paraensis",47.716,1.441,33.122,956.759,28.886,0.05
"115","Paracou","Top","2","2019","Wet","60","Top","NP","Eperua","grandiflora",52.865,1.451,36.423,576.902,15.839,0.092
"116","Paracou","Top","2","2019","Wet","60","Down","NP","Eperua","grandiflora",52.394,1.389,37.711,1041.004,27.605,0.05
"117","Paracou","Top","2","2019","Dry","60","Top","NP","Eperua","grandiflora",51.872,1.592,32.576,861.002,26.431,0.06
"118","Paracou","Top","2","2019","Dry","60","Down","NP","Eperua","grandiflora",50.672,1.498,33.835,826.62,24.431,0.061
"119","Nouragues","Top","3","2019","Dry","60","Top","P","Hirtella","bicornis",50.368,1.306,38.556,1223.21,31.725,0.041
"120","Nouragues","Top","3","2019","Dry","60","Down","P","Hirtella","bicornis",48.829,1.156,42.243,1156.912,27.387,0.042
"121","Nouragues","Top","3","2019","Wet","60","Top","P","Hirtella","bicornis",51.011,1.357,37.582,1257.476,33.46,0.041
"122","Nouragues","Top","3","2019","Wet","60","Down","P","Hirtella","bicornis",49.623,1.077,46.091,917.387,19.904,0.054
"123","Paracou","Slope","1","2019","Dry","61","Top","N","Goupia","glabra",50.485,1.769,28.541,966.519,33.864,0.052
"124","Paracou","Slope","1","2019","Dry","61","Down","N","Goupia","glabra",49.843,2.039,24.442,770.638,31.529,0.065
"125","Paracou","Slope","1","2019","Wet","61","Top","N","Goupia","glabra",52.44,1.694,30.955,833.162,26.915,0.063
"126","Paracou","Slope","1","2019","Wet","61","Down","N","Goupia","glabra",52.701,2.028,25.983,647.212,24.909,0.081
"127","Paracou","Bottom","3","2019","Dry","61","Top","P","Licania","alba",47.879,1.009,47.467,1259.975,26.544,0.038
"128","Paracou","Bottom","3","2019","Dry","61","Down","P","Licania","alba",46.617,0.981,47.506,1511.778,31.823,0.031
"129","Paracou","Bottom","3","2019","Wet","61","Top","P","Licania","alba",46.097,1.008,45.71,1427.63,31.233,0.032
"130","Paracou","Bottom","3","2019","Wet","61","Down","P","Licania","alba",46.09,1.234,37.336,1152.656,30.872,0.04
"131","Paracou","Bottom","1","2019","Dry","62","Top","N","Tovomita",NA,47.569,1.548,30.737,859.38,27.959,0.055
"132","Paracou","Bottom","1","2019","Dry","62","Down","N","Tovomita",NA,46.852,1.486,31.52,757.137,24.021,0.062
"133","Paracou","Bottom","1","2019","Wet","62","Top","N","Tovomita",NA,NA,NA,NA,0,0,0.061
"134","Paracou","Bottom","1","2019","Wet","62","Down","N","Tovomita",NA,49.734,1.7,29.261,955.504,32.655,0.052
"135","Paracou","Bottom","1","2019","Dry","64","Top","N","Sterculia","pruriens",50.448,1.543,32.691,479.413,14.665,0.105
"136","Paracou","Bottom","1","2019","Dry","64","Down","N","Sterculia","pruriens",50.203,1.756,28.592,423.658,14.817,0.118
"137","Paracou","Bottom","1","2019","Wet","64","Top","N","Sterculia","pruriens",53.156,1.589,33.454,854.074,25.529,0.062
"138","Paracou","Bottom","1","2019","Wet","64","Down","N","Sterculia","pruriens",51.558,1.517,33.982,874.149,25.724,0.059
"139","Paracou","Slope","1","2019","Dry","64","Top","N","Eschweilera","sagotiana",50.266,1.768,28.438,799.277,28.106,0.063
"140","Paracou","Slope","1","2019","Dry","64","Down","N","Eschweilera","sagotiana",49.823,1.831,27.211,975.874,35.863,0.051
"141","Paracou","Slope","1","2019","Wet","64","Top","N","Eschweilera","sagotiana",53.711,1.656,32.429,834.435,25.731,0.064
"142","Paracou","Slope","1","2019","Wet","64","Down","N","Eschweilera","sagotiana",53.806,1.721,31.267,1277.859,40.869,0.042
"143","Nouragues","Slope","2","2019","Dry","64","Top","NP","Aniba","rosaeodora",48.569,1.351,35.945,1179.774,32.821,0.041
"144","Nouragues","Slope","2","2019","Dry","64","Down","NP","Aniba","rosaeodora",48.773,1.272,38.358,1166.707,30.416,0.042
"145","Nouragues","Slope","2","2019","Wet","64","Top","NP","Aniba","rosaeodora",51.104,1.246,41.015,820.035,19.993,0.062
"146","Nouragues","Slope","2","2019","Wet","64","Down","NP","Aniba","rosaeodora",49.536,1.326,37.368,790,21.141,0.063
"147","Paracou","Slope","1","2019","Dry","65","Top","N","Couepia","guianensis",49.791,1.514,32.882,1251.462,38.059,0.04
"148","Paracou","Slope","1","2019","Dry","65","Down","N","Couepia","guianensis",48.406,1.601,30.225,1283.78,42.473,0.038
"149","Paracou","Slope","1","2019","Wet","65","Top","N","Couepia","guianensis",52.649,1.562,33.701,1497.012,44.421,0.035
"150","Paracou","Slope","1","2019","Wet","65","Down","N","Couepia","guianensis",52.772,1.453,36.319,1370.596,37.738,0.039
"151","Nouragues","Slope","2","2019","Dry","65","Top","NP","Sterculia","speciosa",49.231,1.463,33.649,769.946,22.882,0.064
"152","Nouragues","Slope","2","2019","Dry","65","Down","NP","Sterculia","speciosa",48.824,1.654,29.522,725.292,24.568,0.067
"153","Nouragues","Slope","2","2019","Wet","65","Top","NP","Sterculia","speciosa",50.772,1.432,35.444,556.997,15.715,0.091
"154","Nouragues","Slope","2","2019","Wet","65","Down","NP","Sterculia","speciosa",49.916,1.46,34.18,477.287,13.964,0.105
"155","Paracou","Bottom","1","2019","Dry","66","Top","N","Eperua","falcata",50.016,2.046,24.443,424.098,17.351,0.118
"156","Paracou","Bottom","1","2019","Dry","66","Down","N","Eperua","falcata",49.495,2.017,24.533,622.913,25.391,0.079
"157","Paracou","Bottom","1","2019","Wet","66","Top","N","Eperua","falcata",52.08,1.666,31.263,950.858,30.415,0.055
"158","Paracou","Bottom","1","2019","Wet","66","Down","N","Eperua","falcata",51.666,1.93,26.774,694.46,25.938,0.074
"159","Nouragues","Slope","2","2019","Dry","66","Top","NP","Hirtella","bicornis",47.342,1.387,34.139,873.485,25.586,0.054
"160","Nouragues","Slope","2","2019","Dry","66","Down","NP","Hirtella","bicornis",46.673,1.348,34.612,1218.846,35.215,0.038
"161","Nouragues","Slope","2","2019","Wet","66","Top","NP","Hirtella","bicornis",49.328,1.272,38.768,830.193,21.414,0.059
"162","Nouragues","Slope","2","2019","Wet","66","Down","NP","Hirtella","bicornis",49.166,1.32,37.257,1219.579,32.734,0.04
"163","Nouragues","Slope","4","2019","Dry","70","Top","C","Capirona","decorticans",43.885,3.06,14.339,573.467,39.993,0.077
"164","Nouragues","Slope","4","2019","Dry","70","Down","C","Capirona","decorticans",44.246,3.156,14.02,705.825,50.344,0.063
"165","Nouragues","Slope","4","2019","Wet","70","Top","C","Capirona","decorticans",45.309,2.811,16.12,700.281,43.441,0.065
"166","Nouragues","Slope","4","2019","Wet","70","Down","C","Capirona","decorticans",44.76,2.879,15.546,788.291,50.706,0.057
"167","Nouragues","Slope","1","2019","Dry","71","Top","N",NA,NA,45.109,1.209,37.307,1361.266,36.488,0.033
"168","Nouragues","Slope","1","2019","Dry","71","Down","N",NA,NA,46.954,1.121,41.875,1532.16,36.589,0.031
"169","Nouragues","Slope","1","2019","Wet","71","Top","N",NA,NA,66.21,3.758,17.619,1878.258,106.606,0.035
"170","Nouragues","Slope","1","2019","Wet","71","Down","N",NA,NA,61.231,1.646,37.207,1905.981,51.226,0.032
"171","Nouragues","Slope","3","2019","Dry","71","Top","P","Pouteria","retinervis",45.312,2.387,18.983,295.638,15.574,0.153
"172","Nouragues","Slope","3","2019","Dry","71","Down","P","Pouteria","retinervis",45.012,2.363,19.052,328.248,17.229,0.137
"173","Nouragues","Slope","3","2019","Wet","71","Top","P","Pouteria","retinervis",46.106,1.727,26.693,420.456,15.751,0.11
"174","Nouragues","Slope","3","2019","Wet","71","Down","P","Pouteria","retinervis",47.817,2.065,23.153,499.443,21.572,0.096
"175","Nouragues","Slope","3","2019","Dry","72","Top","P","Micropholis","venulosa",47.41,1.861,25.473,648.701,25.466,0.073
"176","Nouragues","Slope","3","2019","Dry","72","Down","P","Micropholis","venulosa",46.041,1.847,24.934,1028.504,41.249,0.045
"177","Nouragues","Slope","3","2019","Wet","72","Top","P","Micropholis","venulosa",50.142,1.644,30.503,873.945,28.651,0.057
"178","Nouragues","Slope","3","2019","Wet","72","Down","P","Micropholis","venulosa",48.205,2.002,24.082,960.68,39.891,0.05
"179","Nouragues","Top","1","2019","Dry","74","Top","N","Eschweilera","coriacea",49.831,1.769,28.161,518.979,18.429,0.096
"180","Nouragues","Top","1","2019","Dry","74","Down","N","Eschweilera","coriacea",50.135,2.029,24.714,809.836,32.768,0.062
"181","Nouragues","Top","1","2019","Wet","74","Top","N","Eschweilera","coriacea",48.849,1.913,25.538,729.706,28.573,0.067
"182","Nouragues","Top","1","2019","Wet","74","Down","N","Eschweilera","coriacea",47.974,1.901,25.242,683.148,27.064,0.07
"183","Nouragues","Slope","3","2019","Dry","74","Top","P","Myrcia","splendens",46.665,1.408,33.143,1326.39,40.02,0.035
"184","Nouragues","Slope","3","2019","Dry","74","Down","P","Myrcia","splendens",46.398,1.425,32.552,1292.084,39.693,0.036
"185","Nouragues","Slope","3","2019","Wet","74","Top","P","Myrcia","splendens",47.553,1.379,34.49,1074.938,31.167,0.044
"186","Nouragues","Slope","3","2019","Wet","74","Down","P","Myrcia","splendens",47.923,1.429,33.525,1151.088,34.335,0.042
"187","Nouragues","Top","1","2019","Dry","75","Top","N","Vouacapoua","americana",51.801,1.726,30.009,909.032,30.292,0.057
"188","Nouragues","Top","1","2019","Dry","75","Down","N","Vouacapoua","americana",51.236,2.243,22.84,442.219,19.362,0.116
"189","Nouragues","Top","1","2019","Wet","75","Top","N","Vouacapoua","americana",49.466,2.585,19.138,283.435,14.81,0.175
"190","Nouragues","Top","1","2019","Wet","75","Down","N","Vouacapoua","americana",49.658,2.013,24.663,891.576,36.151,0.056
"191","Nouragues","Slope","3","2019","Dry","75","Top","P","Eugenia","culcullata",47.163,1.06,44.486,1190.049,26.751,0.04
"192","Nouragues","Slope","3","2019","Dry","75","Down","P","Eugenia","culcullata",46.882,0.992,47.256,1518.503,32.134,0.031
"193","Nouragues","Slope","3","2019","Wet","75","Top","P","Eugenia","culcullata",49.071,0.965,50.844,1604.84,31.564,0.031
"194","Nouragues","Slope","3","2019","Wet","75","Down","P","Eugenia","culcullata",49.78,1.091,45.613,1300.011,28.501,0.038
"195","Paracou","Slope","3","2019","Dry","75","Top","P","anacardium","spruceanum",46.645,1.66,28.106,730.158,25.979,0.064
"196","Paracou","Slope","3","2019","Dry","75","Down","P","anacardium","spruceanum",42.762,1.36,31.453,715.799,22.758,0.06
"197","Paracou","Slope","3","2019","Wet","75","Top","P","anacardium","spruceanum",53.018,1.91,27.753,731.632,26.362,0.072
"198","Paracou","Slope","3","2019","Wet","75","Down","P","anacardium","spruceanum",50.347,1.683,29.923,864.437,28.888,0.058
"199","Paracou","Bottom","2","2019","Dry","76","Top","NP","Eperua","falcata",50.943,1.892,26.924,533.599,19.819,0.095
"200","Paracou","Bottom","2","2019","Dry","76","Down","NP","Eperua","falcata",50.801,1.75,29.031,652.742,22.484,0.078
"201","Paracou","Bottom","2","2019","Wet","76","Top","NP","Eperua","falcata",52.183,1.615,32.306,887.704,27.478,0.059
"202","Paracou","Bottom","2","2019","Wet","76","Down","NP","Eperua","falcata",51.013,1.771,28.806,818.789,28.424,0.062
"203","Paracou","Slope","3","2019","Dry","76","Top","P","Dicorynia","guianensis",48.685,1.613,30.181,814.222,26.978,0.06
"204","Paracou","Slope","3","2019","Dry","76","Down","P","Dicorynia","guianensis",48.974,1.69,28.972,600.137,20.714,0.082
"205","Paracou","Slope","3","2019","Wet","76","Top","P","Dicorynia","guianensis",51.905,1.643,31.591,982.129,31.089,0.053
"206","Paracou","Slope","3","2019","Wet","76","Down","P","Dicorynia","guianensis",52.79,1.545,34.168,910.54,26.649,0.058
"207","Nouragues","Slope","4","2019","Dry","76","Top","C","Couepia","caryophylloides",48.938,1.429,34.255,1184.848,34.589,0.041
"208","Nouragues","Slope","4","2019","Dry","76","Down","C","Couepia","caryophylloides",49.001,1.672,29.301,980.723,33.471,0.05
"209","Nouragues","Slope","4","2019","Wet","76","Top","C","Couepia","caryophylloides",50.159,1.282,39.137,1218.3,31.129,0.041
"210","Nouragues","Slope","4","2019","Wet","76","Down","C","Couepia","caryophylloides",49.018,1.538,31.863,992.915,31.162,0.049
"211","Nouragues","Top","2","2019","Dry","77","Top","NP","Lecythis","poiteaui",51.345,2.238,22.945,805.649,35.112,0.064
"212","Nouragues","Top","2","2019","Dry","77","Down","NP","Lecythis","poiteaui",50.919,2.287,22.263,776.932,34.897,0.066
"213","Nouragues","Top","2","2019","Wet","77","Top","NP","Lecythis","poiteaui",51.268,3.058,16.768,223.801,13.347,0.229
"214","Nouragues","Top","2","2019","Wet","77","Down","NP","Lecythis","poiteaui",50.026,3.189,15.686,205.21,13.082,0.244
"215","Nouragues","Top","2","2019","Dry","78","Top","NP","Dicorynia","guianensis",51.852,1.996,25.979,636.698,24.508,0.081
"216","Nouragues","Top","2","2019","Dry","78","Down","NP","Dicorynia","guianensis",51.955,1.831,28.37,799.661,28.187,0.065
"217","Nouragues","Top","2","2019","Wet","78","Top","NP","Dicorynia","guianensis",51.44,2.037,25.255,663.616,26.276,0.078
"218","Nouragues","Top","2","2019","Wet","78","Down","NP","Dicorynia","guianensis",48.564,1.204,40.324,770.654,19.111,0.063
"219","Paracou","Slope","3","2019","Dry","78","Top","P","Hebepetalum","humiriifolium",46.239,1.547,29.896,606.018,20.271,0.076
"220","Paracou","Slope","3","2019","Dry","78","Down","P","Hebepetalum","humiriifolium",44.152,1.413,31.25,846.222,27.079,0.052
"221","Paracou","Slope","3","2019","Wet","78","Top","P","Hebepetalum","humiriifolium",47.845,1.745,27.415,793.182,28.932,0.06
"222","Paracou","Slope","3","2019","Wet","78","Down","P","Hebepetalum","humiriifolium",46.823,1.49,31.423,957.805,30.481,0.049
"223","Nouragues","Slope","4","2019","Dry","79","Top","C","Licania","alba",45.318,1.187,38.178,1426.791,37.372,0.032
"224","Nouragues","Slope","4","2019","Dry","79","Down","C","Licania","alba",47.042,1.181,39.845,1142.595,28.676,0.041
"225","Nouragues","Slope","4","2019","Wet","79","Top","C","Licania","alba",47.479,1.245,38.15,1490.554,39.071,0.032
"226","Nouragues","Slope","4","2019","Wet","79","Down","C","Licania","alba",46.316,1.194,38.784,1575.518,40.623,0.029
"227","Nouragues","Slope","4","2019","Dry","80","Top","C","Dicorynia","guianensis",49.576,2.196,22.571,786.191,34.831,0.063
"228","Nouragues","Slope","4","2019","Dry","80","Down","C","Dicorynia","guianensis",49.728,2.014,24.697,840.94,34.051,0.059
"229","Nouragues","Slope","4","2019","Wet","80","Top","C","Dicorynia","guianensis",49.058,2.148,22.834,736.165,32.24,0.067
"230","Nouragues","Slope","4","2019","Wet","80","Down","C","Dicorynia","guianensis",50.468,2.104,23.988,820.346,34.198,0.062
"231","Nouragues","Top","2","2019","Dry","81","Top","NP","Licania","alba",48.816,1.032,47.288,1235.954,26.137,0.039
"232","Nouragues","Top","2","2019","Dry","81","Down","NP","Licania","alba",46.015,1.154,39.889,1396.603,35.012,0.033
"233","Nouragues","Top","2","2019","Wet","81","Top","NP","Licania","alba",51.195,1.777,28.805,1086.343,37.713,0.047
"234","Nouragues","Top","2","2019","Wet","81","Down","NP","Licania","alba",45.969,1.174,39.172,1422.13,36.305,0.032
"235","Paracou","Slope","2","2019","Dry","82","Top","NP","Vouacapoua","americana",51.01,2.663,19.152,411.577,21.49,0.124
"236","Paracou","Slope","2","2019","Dry","82","Down","NP","Vouacapoua","americana",52.582,2.151,24.445,665.353,27.218,0.079
"237","Paracou","Slope","2","2019","Wet","82","Top","NP","Vouacapoua","americana",53.299,2.172,24.536,583.021,23.762,0.091
"238","Paracou","Slope","2","2019","Wet","82","Down","NP","Vouacapoua","americana",53.348,2.263,23.576,578.181,24.524,0.092
"239","Nouragues","Top","2","2019","Dry","82","Top","NP","Chimarrhis","turbinata",46.676,2.406,19.402,531.102,27.373,0.088
"240","Nouragues","Top","2","2019","Dry","82","Down","NP","Chimarrhis","turbinata",47.622,2.23,21.357,520.114,24.353,0.092
"241","Nouragues","Top","2","2019","Wet","82","Top","NP","Chimarrhis","turbinata",44.706,2.13,20.991,495.041,23.583,0.09
"242","Nouragues","Top","2","2019","Wet","82","Down","NP","Chimarrhis","turbinata",44.324,2.349,18.867,641.188,33.984,0.069
"243","Nouragues","Top","3","2019","Dry","82","Top","P","Licania","alba",49.801,1.252,39.78,1125.618,28.296,0.044
"244","Nouragues","Top","3","2019","Dry","82","Down","P","Licania","alba",46.691,1.227,38.042,1324.39,34.814,0.035
"245","Nouragues","Top","3","2019","Wet","82","Top","P","Licania","alba",47.272,1.461,32.366,811.975,25.088,0.058
"246","Nouragues","Top","3","2019","Wet","82","Down","P","Licania","alba",47.365,1.208,39.212,1050.706,26.796,0.045
"247","Paracou","Slope","2","2019","Dry","83","Top","NP","Eperua","falcata",49.221,2.027,24.278,418.079,17.22,0.118
"248","Paracou","Slope","2","2019","Dry","83","Down","NP","Eperua","falcata",48.743,1.897,25.698,607.276,23.631,0.08
"249","Paracou","Slope","2","2019","Wet","83","Top","NP","Eperua","falcata",53.372,1.904,28.032,734.411,26.199,0.073
"250","Paracou","Slope","2","2019","Wet","83","Down","NP","Eperua","falcata",52.467,2.188,23.977,626.821,26.142,0.084
"251","Nouragues","Top","3","2019","Dry","83","Top","P","Sextonia","rubra",50.051,1.716,29.17,381.722,13.086,0.131
"252","Nouragues","Top","3","2019","Dry","83","Down","P","Sextonia","rubra",49.66,1.732,28.676,364.859,12.723,0.136
"253","Nouragues","Top","3","2019","Wet","83","Top","P","Sextonia","rubra",51.03,1.311,38.913,810.248,20.822,0.063
"254","Nouragues","Top","3","2019","Wet","83","Down","P","Sextonia","rubra",52.828,1.45,36.431,833.076,22.867,0.063
"255","Nouragues","Top","2","2019","Dry","84","Top","NP","Agonandra","silvatica",51.644,1.902,27.155,699.134,25.746,0.074
"256","Nouragues","Top","2","2019","Dry","84","Down","NP","Agonandra","silvatica",51.366,2.115,24.291,507.212,20.881,0.101
"257","Nouragues","Top","2","2019","Wet","84","Top","NP","Agonandra","silvatica",50.328,2.185,23.036,392.854,17.054,0.128
"258","Nouragues","Top","2","2019","Wet","84","Down","NP","Agonandra","silvatica",49.735,2.41,20.641,391.697,18.977,0.127
"259","Paracou","Top","2","2019","Wet","84","Top","NP","Eperua","grandiflora",NA,NA,NA,0,0,0.054
"260","Paracou","Top","2","2019","Wet","84","Down","NP","Eperua","grandiflora",53.141,1.469,36.173,994.03,27.48,0.053
"261","Paracou","Top","2","2019","Dry","84","Top","NP","Eperua","grandiflora",50.561,1.308,38.663,957.82,24.773,0.053
"262","Paracou","Top","2","2019","Dry","84","Down","NP","Eperua","grandiflora",52.554,1.501,35.002,949.97,27.14,0.055
"263","Nouragues","Top","3","2019","Dry","85","Top","P","Vochysia","sabatieri",46.875,1.094,42.841,829.237,19.356,0.057
"264","Nouragues","Top","3","2019","Dry","85","Down","P","Vochysia","sabatieri",46.78,1.014,46.135,1141.924,24.752,0.041
"265","Nouragues","Top","3","2019","Wet","85","Top","P","Vochysia","sabatieri",48.417,1.018,47.546,990.29,20.828,0.049
"266","Nouragues","Top","3","2019","Wet","85","Down","P","Vochysia","sabatieri",45.765,1.19,38.443,954.124,24.819,0.048
"267","Paracou","Slope","2","2019","Dry","88","Top","NP","Dicorynia","guianensis",53.52,1.72,31.113,752.16,24.175,0.071
"268","Paracou","Slope","2","2019","Dry","88","Down","NP","Dicorynia","guianensis",50.187,2.298,21.843,506.849,23.205,0.099
"269","Paracou","Slope","2","2019","Wet","88","Top","NP","Dicorynia","guianensis",54.372,1.75,31.063,948.175,30.524,0.057
"270","Paracou","Slope","2","2019","Wet","88","Down","NP","Dicorynia","guianensis",52.969,2.37,22.354,588.563,26.33,0.09
"271","Paracou","Bottom","1","2019","Dry","89","Top","N","Carapa","surinamensis",48.091,1.44,33.405,741.889,22.209,0.065
"272","Paracou","Bottom","1","2019","Dry","89","Down","N","Carapa","surinamensis",48.897,1.422,34.386,799.326,23.246,0.061
"273","Paracou","Bottom","1","2019","Wet","89","Top","N","Carapa","surinamensis",50.355,1.436,35.068,904.678,25.798,0.056
"274","Paracou","Bottom","1","2019","Wet","89","Down","N","Carapa","surinamensis",50.469,1.381,36.538,884.786,24.216,0.057
"275","Paracou","Top","1","2019","Wet","89","Top","N","Moronobea","coccinea",50.214,1.266,39.676,1627.817,41.028,0.031
"276","Paracou","Top","1","2019","Wet","89","Down","N","Moronobea","coccinea",49.007,1.31,37.416,1456.08,38.916,0.034
"277","Paracou","Top","1","2019","Dry","89","Top","N","Moronobea","coccinea",49.071,1.508,32.551,1442.48,44.315,0.034
"278","Paracou","Top","1","2019","Dry","89","Down","N","Moronobea","coccinea",47.505,1.428,33.276,1331.416,40.012,0.036
"279","Paracou","Slope","3","2019","Dry","90","Top","P","Iryanthera","sagotiana",50.366,1.221,41.259,638.594,15.478,0.079
"280","Paracou","Slope","3","2019","Dry","90","Down","P","Iryanthera","sagotiana",50.357,1.191,42.276,527.437,12.476,0.095
"281","Paracou","Slope","3","2019","Wet","90","Top","P","Iryanthera","sagotiana",51.872,1.351,38.399,800.638,20.851,0.065
"282","Paracou","Slope","3","2019","Wet","90","Down","P","Iryanthera","sagotiana",52.327,1.382,37.868,852.387,22.51,0.061
"283","Paracou","Top","1","2019","Wet","91","Top","N","Oxandra","asbeckii",48.503,2.1,23.093,954,41.311,0.051
"284","Paracou","Top","1","2019","Wet","91","Down","N","Oxandra","asbeckii",47.69,1.456,32.752,1345.587,41.085,0.035
"285","Paracou","Top","1","2019","Dry","91","Top","N","Oxandra","asbeckii",47.171,2.351,20.068,926.533,46.169,0.051
"286","Paracou","Top","1","2019","Dry","91","Down","N","Oxandra","asbeckii",46.493,2.034,22.861,1016.002,44.442,0.046
"287","Nouragues","Bottom","2","2019","Dry","91","Top","NP","Chrysophyllum","argenteum",49.73,1.379,36.058,1123.71,31.164,0.044
"288","Nouragues","Bottom","2","2019","Dry","91","Down","NP","Chrysophyllum","argenteum",48.778,1.346,36.246,1057.7,29.181,0.046
"289","Nouragues","Bottom","2","2019","Wet","91","Top","NP","Chrysophyllum","argenteum",49.786,1.829,27.224,874.658,32.128,0.057
"290","Nouragues","Bottom","2","2019","Wet","91","Down","NP","Chrysophyllum","argenteum",51.162,1.383,36.996,1200.254,32.443,0.043
"291","Nouragues","Bottom","2","2019","Dry","93","Top","NP","Licania","alba",47.897,1.174,40.808,1189.769,29.155,0.04
"292","Nouragues","Bottom","2","2019","Dry","93","Down","NP","Licania","alba",46.103,1.227,37.566,1271.832,33.856,0.036
"293","Nouragues","Bottom","2","2019","Wet","93","Top","NP","Licania","alba",48.222,1.168,41.276,1342.354,32.522,0.036
"294","Nouragues","Bottom","2","2019","Wet","93","Down","NP","Licania","alba",NA,NA,NA,0,0,0.041
"295","Paracou","Top","3","2019","Wet","96","Top","P",NA,NA,50.801,1.418,35.821,633.45,17.684,0.08
"296","Paracou","Top","3","2019","Wet","96","Down","P",NA,NA,50.632,1.521,33.296,478.124,14.36,0.106
"297","Paracou","Top","3","2019","Dry","96","Top","P",NA,NA,49.802,1.386,35.943,522.065,14.525,0.095
"298","Paracou","Top","3","2019","Dry","96","Down","P",NA,NA,47.512,1.337,35.526,535.95,15.086,0.089
"299","Paracou","Bottom","2","2019","Dry","97","Top","NP","Catostemma","fragrans",50.689,1.347,37.64,897.287,23.838,0.056
"300","Paracou","Bottom","2","2019","Dry","97","Down","NP","Catostemma","fragrans",48.585,1.218,39.888,750.615,18.818,0.065
"301","Paracou","Bottom","2","2019","Wet","97","Top","NP","Catostemma","fragrans",48.968,1.332,36.762,881.277,23.973,0.056
"302","Paracou","Bottom","2","2019","Wet","97","Down","NP","Catostemma","fragrans",48.82,1.339,36.454,938.661,25.749,0.052
"303","Paracou","Bottom","2","2019","Dry","98","Top","NP","Dipteryx","odorata",50.051,1.753,28.544,401.112,14.052,0.125
"304","Paracou","Bottom","2","2019","Dry","98","Down","NP","Dipteryx","odorata",49.82,1.451,34.338,500.185,14.567,0.1
"305","Paracou","Bottom","2","2019","Wet","98","Top","NP","Dipteryx","odorata",50.079,1.459,34.328,651.961,18.992,0.077
"306","Paracou","Bottom","2","2019","Wet","98","Down","NP","Dipteryx","odorata",49.964,1.885,26.503,355.362,13.408,0.141
"307","Paracou","Top","3","2019","Wet","98","Top","P","Hirtella","glandulosa",49.611,1.09,45.509,654.139,14.374,0.076
"308","Paracou","Top","3","2019","Wet","98","Down","P","Hirtella","glandulosa",48.683,0.972,50.104,1444.904,28.838,0.034
"309","Paracou","Top","3","2019","Dry","98","Top","P","Hirtella","glandulosa",44.772,0.961,46.585,1166.788,25.046,0.038
"310","Paracou","Top","3","2019","Dry","98","Down","P","Hirtella","glandulosa",42.206,0.989,42.663,852.848,19.99,0.049
"311","Nouragues","Slope","1","2019","Dry","100","Top","N","Protium","decandrum",46.069,1.523,30.24,835.737,27.637,0.055
"312","Nouragues","Slope","1","2019","Dry","100","Down","N","Protium","decandrum",45.985,1.587,28.984,862.476,29.756,0.053
"313","Nouragues","Slope","1","2019","Wet","100","Top","N","Protium","decandrum",46.103,1.549,29.757,846.454,28.445,0.054
"314","Nouragues","Slope","1","2019","Wet","100","Down","N","Protium","decandrum",47.146,1.524,30.931,814.763,26.341,0.058
"315","Paracou","Slope","1","2019","Dry","100","Top","N","Inga","jenmanii",47.166,2.526,18.669,684.152,36.647,0.069
"316","Paracou","Slope","1","2019","Dry","100","Down","N","Inga","jenmanii",46.632,2.313,20.162,729.163,36.165,0.064
"317","Paracou","Slope","1","2019","Wet","100","Top","N","Inga","jenmanii",51.433,2.484,20.707,904.196,43.666,0.057
"318","Paracou","Slope","1","2019","Wet","100","Down","N","Inga","jenmanii",50.216,2.528,19.863,863.044,43.449,0.058
"319","Paracou","Top","3","2019","Wet","100","Top","P","Licania","alba",49.324,1.289,38.259,1210.763,31.646,0.041
"320","Paracou","Top","3","2019","Wet","100","Down","P","Licania","alba",49.967,1.258,39.723,1296.447,32.637,0.039
"321","Paracou","Top","3","2019","Dry","100","Top","P","Licania","alba",46.516,1.238,37.584,1067.071,28.392,0.044
"322","Paracou","Top","3","2019","Dry","100","Down","P","Licania","alba",46.173,1.293,35.718,1124.498,31.483,0.041
"323","Paracou","Top","2","2019","Wet","101","Top","NP","Eschweilera","sagotiana",53.114,1.453,36.557,781.713,21.383,0.068
"324","Paracou","Top","2","2019","Wet","101","Down","NP","Eschweilera","sagotiana",54.967,2.178,25.234,1176.095,46.607,0.047
"325","Paracou","Top","2","2019","Dry","101","Top","NP","Eschweilera","sagotiana",52.049,1.266,41.127,918.663,22.337,0.057
"326","Paracou","Top","2","2019","Dry","101","Down","NP","Eschweilera","sagotiana",50.699,1.459,34.76,983.255,28.287,0.052
"327","Paracou","Slope","1","2019","Dry","102","Top","N","Tetragastris","panamensis",45.395,1.097,41.395,1004.025,24.254,0.045
"328","Paracou","Slope","1","2019","Dry","102","Down","N","Tetragastris","panamensis",44.963,1.235,36.396,834.256,22.922,0.054
"329","Paracou","Slope","1","2019","Wet","102","Top","N","Tetragastris","panamensis",48.561,1.185,40.99,1028.43,25.09,0.047
"330","Paracou","Slope","1","2019","Wet","102","Down","N","Tetragastris","panamensis",47.187,1.214,38.873,945.04,24.311,0.05
"331","Nouragues","Slope","1","2019","Dry","103","Top","N","Inga","nouraguensis",48.001,2.322,20.676,927.584,44.862,0.052
"332","Nouragues","Slope","1","2019","Dry","103","Down","N","Inga","nouraguensis",48.263,2.581,18.697,894.628,47.848,0.054
"333","Nouragues","Slope","1","2019","Wet","103","Top","N","Inga","nouraguensis",48.825,2.36,20.69,880.356,42.549,0.055
"334","Nouragues","Slope","1","2019","Wet","103","Down","N","Inga","nouraguensis",49.305,2.512,19.631,963.669,49.09,0.051
"335","Nouragues","Bottom","1","2019","Dry","104","Top","N","Vouacapoua","americana",51.098,2.019,25.303,862.225,34.077,0.059
"336","Nouragues","Bottom","1","2019","Dry","104","Down","N","Vouacapoua","americana",51.432,2.171,23.691,801.381,33.826,0.064
"337","Nouragues","Bottom","1","2019","Wet","104","Top","N","Vouacapoua","americana",53.301,2.401,22.201,752.998,33.917,0.071
"338","Nouragues","Bottom","1","2019","Wet","104","Down","N","Vouacapoua","americana",54.821,2.3,23.834,746.43,31.319,0.073
"339","Nouragues","Bottom","1","2019","Dry","105","Top","N","Eperua","falcata",49.652,1.877,26.458,754.904,28.533,0.066
"340","Nouragues","Bottom","1","2019","Dry","105","Down","N","Eperua","falcata",50.398,1.937,26.014,740.846,28.479,0.068
"341","Nouragues","Bottom","1","2019","Wet","105","Top","N","Eperua","falcata",50.84,1.725,29.469,557.973,18.934,0.091
"342","Nouragues","Bottom","1","2019","Wet","105","Down","N","Eperua","falcata",49.831,1.836,27.143,523.204,19.276,0.095
"343","Nouragues","Bottom","1","2019","Dry","107","Top","N","Lecythis","idatimon",49.631,1.725,28.764,1165.729,40.528,0.043
"344","Nouragues","Bottom","1","2019","Dry","107","Down","N","Lecythis","idatimon",49.324,2.107,23.408,1047.555,44.751,0.047
"345","Nouragues","Bottom","1","2019","Wet","107","Top","N","Lecythis","idatimon",50.163,1.735,28.913,1187.819,41.083,0.042
"346","Nouragues","Bottom","1","2019","Wet","107","Down","N","Lecythis","idatimon",50.434,1.962,25.71,1097.544,42.689,0.046
"347","Nouragues","Slope","1","2019","Dry","107","Top","N","Licania","alba",46.627,1.283,36.35,1406.014,38.679,0.033
"348","Nouragues","Slope","1","2019","Dry","107","Down","N","Licania","alba",46.808,1.123,41.669,1443.073,34.632,0.032
"349","Nouragues","Slope","1","2019","Wet","107","Top","N","Licania","alba",47.817,1.305,36.645,1167.093,31.848,0.041
"350","Nouragues","Slope","1","2019","Wet","107","Down","N","Licania","alba",47.433,1.11,42.739,1566.035,36.642,0.03
"351","Paracou","Top","2","2019","Wet","108","Top","NP","Eperua","grandiflora",53.598,1.206,44.438,909.522,20.467,0.059
"352","Paracou","Top","2","2019","Wet","108","Down","NP","Eperua","grandiflora",51.906,1.198,43.311,1258.451,29.056,0.041
"353","Paracou","Top","2","2019","Dry","108","Top","NP","Eperua","grandiflora",51.347,1.302,39.438,866.848,21.98,0.059
"354","Paracou","Top","2","2019","Dry","108","Down","NP","Eperua","grandiflora",52.642,2.086,25.24,1071.005,42.433,0.049
"355","Paracou","Top","3","2019","Wet","132","Top","P","Chrysophyllum","poniferum",53.008,1.314,40.328,1101.391,27.311,0.048
"356","Paracou","Top","3","2019","Wet","132","Down","P","Chrysophyllum","poniferum",50.652,1.002,50.537,1244.81,24.632,0.041
"357","Paracou","Top","3","2019","Dry","132","Top","P","Chrysophyllum","poniferum",48.765,1.311,37.193,961.063,25.84,0.051
"358","Paracou","Top","3","2019","Dry","132","Down","P","Chrysophyllum","poniferum",48.957,1.226,39.936,1134.874,28.417,0.043
"359","Paracou","Top","3","2019","Wet","135","Top","P","Vouacapoua","americana",53.992,1.82,29.664,575.128,19.388,0.094
"360","Paracou","Top","3","2019","Wet","135","Down","P","Vouacapoua","americana",53.571,2.227,24.06,488.134,20.288,0.11
"361","Paracou","Top","3","2019","Dry","135","Top","P","Vouacapoua","americana",51.978,1.839,28.264,684.452,24.216,0.076
"362","Paracou","Top","3","2019","Dry","135","Down","P","Vouacapoua","americana",51.065,1.791,28.517,551.661,19.345,0.093
"363","Nouragues","Slope","4","2019","Dry","140","Top","C","Chrysophyllum","sanguinolentum",49.643,1.179,42.109,902.386,21.43,0.055
"364","Nouragues","Slope","4","2019","Dry","140","Down","C","Chrysophyllum","sanguinolentum",48.942,1.075,45.51,1070.617,23.525,0.046
"365","Nouragues","Slope","4","2019","Wet","140","Top","C","Chrysophyllum","sanguinolentum",49.702,1.258,39.504,1183.123,29.949,0.042
"366","Nouragues","Slope","4","2019","Wet","140","Down","C","Chrysophyllum","sanguinolentum",50.07,1.271,39.407,1189.85,30.194,0.042
"367","Paracou","Slope","4","2019","Dry","142","Top","C","Drypetes","variabilis",46.047,1.254,36.708,740.732,20.179,0.062
"368","Paracou","Slope","4","2019","Dry","142","Down","C","Drypetes","variabilis",44.651,1.254,35.605,783.65,22.009,0.057
"369","Paracou","Slope","4","2019","Wet","142","Top","C","Drypetes","variabilis",47.724,1.488,32.068,552.483,17.228,0.086
"370","Paracou","Slope","4","2019","Wet","142","Down","C","Drypetes","variabilis",47.134,1.205,39.121,527.545,13.485,0.089
"371","Paracou","Slope","4","2019","Dry","143","Top","C","Tapura","capitulifera",36.524,0.945,38.666,1111.455,28.745,0.033
"372","Paracou","Slope","4","2019","Dry","143","Down","C","Tapura","capitulifera",36.585,1.012,36.147,1146.994,31.731,0.032
"373","Paracou","Slope","4","2019","Wet","143","Top","C","Tapura","capitulifera",41.469,1.074,38.624,1072.224,27.76,0.039
"374","Paracou","Slope","4","2019","Wet","143","Down","C","Tapura","capitulifera",39.522,0.969,40.797,1310.011,32.11,0.03
"375","Paracou","Slope","4","2019","Dry","145","Top","C","Eperua","grandiflora",51.101,1.132,45.146,1222.409,27.077,0.042
"376","Paracou","Slope","4","2019","Dry","145","Down","C","Eperua","grandiflora",50.38,1.081,46.591,1049.423,22.524,0.048
"377","Paracou","Slope","4","2019","Wet","145","Top","C","Eperua","grandiflora",52.659,1.116,47.186,1242.841,26.339,0.042
"378","Paracou","Slope","4","2019","Wet","145","Down","C","Eperua","grandiflora",51.701,1.122,46.072,1113.299,24.164,0.046
"379","Paracou","Slope","4","2019","Dry","147","Top","C","Eperua","falcata",50.005,1.365,36.632,803.399,21.932,0.062
"380","Paracou","Slope","4","2019","Dry","147","Down","C","Eperua","falcata",49.791,1.356,36.727,653.914,17.805,0.076
"381","Paracou","Slope","4","2019","Wet","147","Top","C","Eperua","falcata",51.109,1.203,42.491,NA,NA,NA
"382","Paracou","Slope","4","2019","Wet","147","Down","C","Eperua","falcata",51.03,1.567,32.561,1039.303,31.919,0.049
"383","Nouragues","Bottom","4","2019","Dry","198","Top","C","Eperua","falcata",49.52,1.84,26.914,539.328,20.039,0.092
"384","Nouragues","Bottom","4","2019","Dry","198","Down","C","Eperua","falcata",49.535,1.647,30.073,705.165,23.448,0.07
"385","Nouragues","Bottom","4","2019","Wet","198","Top","C","Eperua","falcata",61.958,2.211,28.029,850.33,30.338,0.073
"386","Nouragues","Bottom","4","2019","Wet","198","Down","C","Eperua","falcata",52.005,1.644,31.63,819.136,25.898,0.063
"387","Paracou","Slope","4","2019","Dry","243","Top","C","Eperua","falcata",51.428,1.61,31.945,682.981,21.38,0.075
"388","Paracou","Slope","4","2019","Dry","243","Down","C","Eperua","falcata",50.491,1.661,30.396,661.783,21.772,0.076
"389","Paracou","Slope","4","2019","Wet","243","Top","C","Eperua","falcata",50.714,1.558,32.56,361.678,11.108,0.14
"390","Paracou","Slope","4","2019","Wet","243","Down","C","Eperua","falcata",51.022,1.455,35.068,400.218,11.413,0.127
"391","Nouragues","Bottom","4","2019","Dry","247","Top","C","Protium","opacum",48.304,0.898,53.8,1050.451,19.525,0.046
"392","Nouragues","Bottom","4","2019","Dry","247","Down","C","Protium","opacum",48.229,1.318,36.586,793.567,21.691,0.061
"393","Nouragues","Bottom","4","2019","Wet","247","Top","C","Protium","opacum",48.941,1.125,43.52,909.939,20.908,0.054
"394","Nouragues","Bottom","4","2019","Wet","247","Down","C","Protium","opacum",49.55,1.19,41.64,891.68,21.414,0.056
"395","Nouragues","Top","4","2019","Dry","249","Top","C","Licania","densiflora",46.16,1.58,29.207,1147.482,39.288,0.04
"396","Nouragues","Top","4","2019","Dry","249","Down","C","Licania","densiflora",46.66,1.724,27.062,994.304,36.741,0.047
"397","Nouragues","Top","4","2019","Wet","249","Top","C","Licania","densiflora",47.617,1.505,31.632,1117.833,35.338,0.043
"398","Nouragues","Top","4","2019","Wet","249","Down","C","Licania","densiflora",45.563,1.799,25.333,1040.07,41.056,0.044
"399","Nouragues","Top","4","2019","Dry","250","Top","C","Licania","alba",48.291,1.22,39.597,1134.098,28.641,0.043
"400","Nouragues","Top","4","2019","Dry","250","Down","C","Licania","alba",47.816,1.288,37.127,1207.613,32.527,0.04
"401","Nouragues","Top","4","2019","Wet","250","Top","C","Licania","alba",47.205,1.21,39.027,1336.942,34.257,0.035
"402","Nouragues","Top","4","2019","Wet","250","Down","C","Licania","alba",47.687,1.329,35.874,1030.407,28.723,0.046
"403","Nouragues","Bottom","4","2019","Dry","253","Top","C","Paloue","guianensis",51.203,2.611,19.61,845.039,43.093,0.061
"404","Nouragues","Bottom","4","2019","Dry","253","Down","C","Paloue","guianensis",50.467,2.367,21.324,928.76,43.555,0.054
"405","Nouragues","Bottom","4","2019","Wet","253","Top","C","Paloue","guianensis",51.104,2.557,19.984,788.036,39.432,0.065
"406","Nouragues","Bottom","4","2019","Wet","253","Down","C","Paloue","guianensis",NA,NA,NA,0,0,0.051
"407","Nouragues","Top","4","2019","Dry","298","Top","C","Pouteria","eugeniifolia",48.864,1.243,39.326,1105.773,28.118,0.044
"408","Nouragues","Top","4","2019","Dry","298","Down","C","Pouteria","eugeniifolia",NA,NA,NA,NA,NA,NA
"409","Nouragues","Top","4","2019","Wet","298","Top","C","Pouteria","eugeniifolia",NA,NA,NA,0,0,0.043
"410","Nouragues","Top","4","2019","Wet","298","Down","C","Pouteria","eugeniifolia",NA,NA,NA,0,0,0.043
"411","Nouragues","Top","4","2019","Dry","299","Top","C","Sextonia","rubra",50.21,1.533,32.758,783.097,23.905,0.064
"412","Nouragues","Top","4","2019","Dry","299","Down","C","Sextonia","rubra",49.653,1.453,34.174,791.394,23.158,0.063
"413","Nouragues","Top","4","2019","Wet","299","Top","C","Sextonia","rubra",39.417,0.99,39.831,657.598,16.51,0.06
"414","Nouragues","Top","4","2019","Wet","299","Down","C","Sextonia","rubra",48.471,1.503,32.24,649.279,20.139,0.075
"415","Nouragues","Top","4","2019","Dry","300","Top","C","Lecythis","zabucajo",48.264,4.668,10.34,160.128,15.486,0.301
"416","Nouragues","Top","4","2019","Dry","300","Down","C","Lecythis","zabucajo",NA,NA,NA,NA,NA,NA
"417","Nouragues","Top","4","2019","Wet","300","Top","C","Lecythis","zabucajo",36.658,1.118,32.79,454.391,13.858,0.081
"418","Nouragues","Top","4","2019","Wet","300","Down","C","Lecythis","zabucajo",43.23,2.477,17.452,539.571,30.918,0.08
"419","Nouragues","Bottom","4","2019","Dry","305","Top","C","Pradosia","ptychandra",49.243,1.485,33.162,1077.794,32.501,0.046
"420","Nouragues","Bottom","4","2019","Dry","305","Down","C","Pradosia","ptychandra",48.653,1.437,33.851,1181.58,34.905,0.041
"421","Nouragues","Bottom","4","2019","Wet","305","Top","C","Pradosia","ptychandra",NA,NA,NA,0,0,0.045
"422","Nouragues","Bottom","4","2019","Wet","305","Down","C","Pradosia","ptychandra",NA,NA,NA,0,0,0.057
"423","Paracou","Top","4","2019","Wet","786","Top","C","Eperua","falcata",51.528,1.534,33.582,871.783,25.96,0.059
"424","Paracou","Top","4","2019","Wet","786","Down","C","Eperua","falcata",53.236,1.466,36.317,993.644,27.36,0.054
"425","Paracou","Top","4","2019","Dry","786","Top","C","Eperua","falcata",49.142,1.749,28.097,684.275,24.354,0.072
"426","Paracou","Top","4","2019","Dry","786","Down","C","Eperua","falcata",49.545,1.55,31.97,762.12,23.838,0.065
"427","Paracou","Top","4","2019","Wet","806","Top","C","Tapura","capitulifera",38.585,0.945,40.81,1295.928,31.755,0.03
"428","Paracou","Top","4","2019","Wet","806","Down","C","Tapura","capitulifera",55.611,1.333,41.723,2193.901,52.583,0.025
"429","Paracou","Top","4","2019","Wet","807","Top","C","Lueheopsis","rugosa",51.272,1.42,36.104,1050.336,29.092,0.049
"430","Paracou","Top","4","2019","Wet","807","Down","C","Lueheopsis","rugosa",51.302,1.417,36.204,993.484,27.441,0.052
"431","Paracou","Top","4","2019","Dry","807","Top","C","Lueheopsis","rugosa",36.434,0.947,38.492,1250.308,32.483,0.029
"432","Paracou","Top","4","2019","Dry","807","Down","C","Lueheopsis","rugosa",37.422,1.037,36.093,1229.48,34.064,0.03
"433","Paracou","Top","4","2019","Dry","807","Top","C","Lueheopsis","rugosa",52.948,1.366,38.753,1055.803,27.244,0.05
"434","Paracou","Top","4","2019","Dry","807","Down","C","Lueheopsis","rugosa",47.868,1.237,38.705,949.141,24.523,0.05
"435","Paracou","Top","4","2019","Wet","808","Top","C","Chaetocarpus","schomburgkianus",50.212,0.877,57.243,1446.029,25.261,0.035
"436","Paracou","Top","4","2019","Wet","808","Down","C","Chaetocarpus","schomburgkianus",50.554,0.948,53.31,1708.541,32.049,0.03
"437","Paracou","Top","4","2019","Dry","808","Top","C","Chaetocarpus","schomburgkianus",47.686,0.762,62.616,1528.981,24.418,0.031
"438","Paracou","Top","4","2019","Dry","808","Down","C","Chaetocarpus","schomburgkianus",45.854,0.869,52.753,1224.224,23.207,0.037
"439","Paracou","Bottom","4","2019","Dry","937","Top","C","Eperua","falcata",51.745,1.557,33.231,781.413,23.515,0.066
"440","Paracou","Bottom","4","2019","Dry","937","Down","C","Eperua","falcata",51.435,1.734,29.656,780.252,26.31,0.066
"441","Paracou","Bottom","4","2019","Wet","937","Top","C","Eperua","falcata",49.687,1.912,25.985,775.014,29.825,0.064
"442","Paracou","Bottom","4","2019","Wet","937","Down","C","Eperua","falcata",NA,NA,NA,0,0,0.043
"443","Paracou","Bottom","4","2019","Dry","938","Top","C","Symphonia","globulifera",47.548,1.259,37.766,1150.707,30.469,0.041
"444","Paracou","Bottom","4","2019","Dry","938","Down","C","Symphonia","globulifera",47.19,1.398,33.755,1034.616,30.651,0.046
"445","Paracou","Bottom","4","2019","Wet","938","Top","C","Symphonia","globulifera",NA,NA,NA,0,0,0.042
"446","Paracou","Bottom","4","2019","Wet","938","Down","C","Symphonia","globulifera",NA,NA,NA,0,0,0.055
"447","Paracou","Top","4","2019","Dry","949","Down","C","Pouteria","eugeniifolia",50.042,1.126,44.426,1340.856,30.182,0.037
"448","Paracou","Top","4","2019","Wet","949","Top","C","Pouteria","eugeniifolia",47.538,1.114,42.657,1349.381,31.633,0.035
"449","Paracou","Top","4","2019","Wet","949","Down","C","Pouteria","eugeniifolia",47.982,1.168,41.075,1289.465,31.393,0.037
"450","Paracou","Top","4","2019","Dry","949","Top","C","Pouteria","eugeniifolia",49.011,1.239,39.56,955.203,24.146,0.051
"451","Paracou","Bottom","4","2019","Dry","1110","Top","C","Eperua","falcata",51.245,1.74,29.449,571.531,19.408,0.09
"452","Paracou","Bottom","4","2019","Dry","1110","Down","C","Eperua","falcata",52.142,1.541,33.828,903.694,26.714,0.058
"453","Paracou","Bottom","4","2019","Wet","1110","Top","C","Eperua","falcata",NA,NA,NA,0,0,0.053
"454","Paracou","Bottom","4","2019","Wet","1110","Down","C","Eperua","falcata",NA,NA,NA,0,0,0.06
"455","Paracou","Bottom","4","2019","Dry","1125","Top","C","Licania","alba",49.742,0.923,53.914,1808.589,33.546,0.028
"456","Paracou","Bottom","4","2019","Dry","1125","Down","C","Licania","alba",49.134,1.109,44.288,1650.748,37.273,0.03
"457","Paracou","Bottom","4","2019","Wet","1125","Top","C","Licania","alba",47.489,1.224,38.802,1391.746,35.868,0.034
"458","Paracou","Bottom","4","2019","Wet","1125","Down","C","Licania","alba",47.425,1.174,40.401,1449.984,35.89,0.033
"459","Nouragues","Bottom","4","2019","Dry","2473","Top","C","Helicostylis","pedunculata",NA,NA,NA,NA,NA,NA
"460","Nouragues","Bottom","4","2019","Dry","2473","Down","C","Helicostylis","pedunculata",41.162,2.022,20.362,644.636,31.659,0.064
"461","Nouragues","Bottom","4","2019","Wet","2473","Top","C","Helicostylis","pedunculata",44.124,2.005,22.005,673.661,30.614,0.065
"462","Nouragues","Bottom","4","2019","Wet","2473","Down","C","Helicostylis","pedunculata",42.805,1.996,21.441,555.861,25.925,0.077
"463","Paracou","Bottom","4","2019","Dry","2741","Top","C","Brosimum","rubescens",49.206,1.593,30.879,797.652,25.831,0.062
"464","Paracou","Bottom","4","2019","Dry","2741","Down","C","Brosimum","rubescens",49.266,1.475,33.411,858.857,25.706,0.057
"465","Paracou","Bottom","4","2019","Wet","2741","Top","C","Brosimum","rubescens",48.553,1.602,30.302,824.748,27.218,0.059
"466","Paracou","Bottom","4","2019","Wet","2741","Down","C","Brosimum","rubescens",48.967,1.516,32.309,826.483,25.581,0.059
